Category,FileNumber
Crime,1
Education,2
Technology,3
Science,4
Science,5
Bussiness,6
Bussiness,7
Food,8
Technology,9
Food,10
Gasoline,11
Education,12
Crime,13
Politics,14
Politics,15
Crime,16
Gasoline,17
RealState,18
Fashion,19
Science,20
Technology,21
Politics,22
Education,23
RealState,24
Politics,25
Bussiness,26
Gasoline,27
Crime,28
Crime,29
Science,30
Science,31
Politics,32
Politics,33
Food,34
Education,35
Politics,36
Politics,37
Technology,38
Politics,39
Politics,40
Education,41
Education,42
Politics,43
RealState,44
Crime,45
Science,46
Politics,47
Gasoline,48
Bussiness,49
RealState,50
Education,51
RealState,52
Gasoline,53
Science,54
Food,55
Gasoline,56
Science,57
Crime,58
Gasoline,59
Education,60
Technology,61
Fashion,62
Food,63
Science,64
Politics,65
Education,66
Education,67
Education,68
Fashion,69
Technology,70
Bussiness,71
Crime,72
Education,73
Technology,74
Food,75
Politics,76
RealState,77
RealState,78
Politics,79
Fashion,80
Gasoline,81
Bussiness,82
Education,83
Politics,84
Politics,85
RealState,86
Fashion,87
Technology,88
Science,89
Politics,90
Education,91
Technology,92
Gasoline,93
Education,94
Technology,95
Technology,96
Bussiness,97
Education,98
Gasoline,99
Technology,100
Food,101
Technology,102
Education,103
Food,104
Politics,105
Politics,106
Bussiness,107
Food,108
RealState,109
Crime,110
Gasoline,111
Politics,112
Fashion,113
Gasoline,114
RealState,115
Technology,116
Food,117
RealState,118
Bussiness,119
Crime,120
RealState,121
Science,122
Science,123
Bussiness,124
Technology,125
RealState,126
Gasoline,127
RealState,128
Education,129
Bussiness,130
RealState,131
Technology,132
RealState,133
Food,134
Bussiness,135
Bussiness,136
Politics,137
Crime,138
Food,139
Fashion,140
Gasoline,141
Politics,142
RealState,143
Food,144
Politics,145
Fashion,146
Fashion,147
Crime,148
Technology,149
Crime,150
Bussiness,151
RealState,152
Fashion,153
Fashion,154
RealState,155
Technology,156
Bussiness,157
Crime,158
Food,159
Fashion,160
RealState,161
Technology,162
RealState,163
RealState,164
Gasoline,165
Food,166
Crime,167
Crime,168
RealState,169
Fashion,170
Science,171
Politics,172
Politics,173
Bussiness,174
Politics,175
Science,176
Technology,177
Food,178
RealState,179
Food,180
Fashion,181
Bussiness,182
Politics,183
Fashion,184
Politics,185
Politics,186
Food,187
Crime,188
Education,189
Fashion,190
Politics,191
Science,192
Crime,193
Bussiness,194
Education,195
Food,196
Gasoline,197
RealState,198
RealState,199
Food,200
Fashion,201
Bussiness,202
Crime,203
Technology,204
RealState,205
command.sh ~,206
Science,207
RealState,208
Politics,209
Science,210
Technology,211
Crime,212
Science,213
Politics,214
Gasoline,215
Food,216
Technology,217
Food,218
Food,219
Science,220
Food,221
Food,222
Fashion,223
Bussiness,224
Politics,225
Bussiness,226
Food,227
Bussiness,228
Bussiness,229
RealState,230
Education,231
Food,232
RealState,233
Politics,234
Fashion,235
Gasoline,236
Fashion,237
Politics,238
Crime,239
Fashion,240
Fashion,241
Fashion,242
Politics,243
Bussiness,244
Food,245
Gasoline,246
Politics,247
RealState,248
Technology,249
Bussiness,250
Politics,251
Science,252
RealState,253
Technology,254
Politics,255
Science,256
Technology,257
Gasoline,258
Politics,259
Politics,260
Science,261
Food,262
Education,263
Fashion,264
Fashion,265
Politics,266
Politics,267
commands.sh ~,268
RealState,269
Bussiness,270
Technology,271
Fashion,272
Politics,273
Politics,274
Technology,275
Education,276
RealState,277
Technology,278
Technology,279
Food,280
RealState,281
Technology,282
Education,283
Gasoline,284
Fashion,285
Crime,286
Education,287
Bussiness,288
RealState,289
RealState,290
Politics,291
Politics,292
Politics,293
Bussiness,294
Politics,295
Politics,296
Crime,297
Gasoline,298
Crime,299
Politics,300
Fashion,301
Politics,302
Gasoline,303
Politics,304
Technology,305
Technology,306
Crime,307
Crime,308
Fashion,309
Food,310
Food,311
Technology,312
Technology,313
Technology,314
Education,315
Bussiness,316
Fashion,317
Politics,318
Food,319
Science,320
Fashion,321
Science,322
Education,323
Politics,324
Science,325
Politics,326
Gasoline,327
Politics,328
Bussiness,329
Education,330
Science,331
Bussiness,332
Food,333
Fashion,334
RealState,335
Fashion,336
Science,337
Education,338
Food,339
Politics,340
Technology,341
Politics,342
Politics,343
Science,344
Science,345
Science,346
Science,347
Technology,348
Crime,349
Technology,350
Fashion,351
RealState,352
Crime,353
Fashion,354
Politics,355
Bussiness,356
Fashion,357
Science,358
Bussiness,359
Science,360
Food,361
Crime,362
Politics,363
Science,364
Food,365
Education,366
Bussiness,367
Bussiness,368
Politics,369
RealState,370
Gasoline,371
Bussiness,372
Bussiness,373
Science,374
Education,375
RealState,376
Crime,377
Politics,378
Politics,379
Science,380
Bussiness,381
Science,382
Politics,383
Food,384
Politics,385
Technology,386
Politics,387
Education,388
Politics,389
Science,390
Education,391
RealState,392
Gasoline,393
Politics,394
Crime,395
Technology,396
Fashion,397
Bussiness,398
Politics,399
Technology,400
Technology,401
Crime,402
Politics,403
Crime,404
Food,405
Crime,406
Crime,407
RealState,408
RealState,409
Science,410
Technology,411
Bussiness,412
Bussiness,413
Politics,414
Bussiness,415
Food,416
RealState,417
Gasoline,418
Food,419
Politics,420
Food,421
Science,422
Bussiness,423
Technology,424
Food,425
Science,426
Politics,427
Fashion,428
Technology,429
Politics,430
Bussiness,431
Gasoline,432
Politics,433
Technology,434
Politics,435
Education,436
Gasoline,437
RealState,438
Food,439
Food,440
Science,441
Technology,442
Food,443
Science,444
Politics,445
Politics,446
Education,447
Education,448
RealState,449
Politics,450
Technology,451
Technology,452
Crime,453
Bussiness,454
Crime,455
Gasoline,456
Education,457
Gasoline,458
Bussiness,459
RealState,460
Education,461
RealState,462
Bussiness,463
RealState,464
Bussiness,465
Politics,466
Gasoline,467
Education,468
Crime,469
Food,470
Bussiness,471
Politics,472
Food,473
Fashion,474
Politics,475
Science,476
Crime,477
Gasoline,478
Fashion,479
Education,480
Science,481
Fashion,482
Politics,483
Food,484
Gasoline,485
RealState,486
Technology,487
Bussiness,488
Bussiness,489
Education,490
Politics,491
Gasoline,492
Politics,493
Politics,494
RealState,495
Bussiness,496
Politics,497
Food,498
Crime,499
Bussiness,500
Gasoline,501
RealState,502
RealState,503
Crime,504
Science,505
Politics,506
RealState,507
Crime,508
Education,509
Science,510
Politics,511
Politics,512
Technology,513
Politics,514
Technology,515
Bussiness,516
Bussiness,517
Crime,518
Politics,519
Fashion,520
Politics,521
Food,522
Fashion,523
RealState,524
Fashion,525
Politics,526
Bussiness,527
Science,528
Gasoline,529
Science,530
Crime,531
Politics,532
Science,533
Gasoline,534
Politics,535
Crime,536
Fashion,537
Education,538
Food,539
Fashion,540
Technology,541
Fashion,542
RealState,543
Education,544
Bussiness,545
Politics,546
Crime,547
Crime,548
Politics,549
Technology,550
Food,551
Science,552
Science,553
Politics,554
Science,555
Politics,556
Politics,557
Fashion,558
RealState,559
Food,560
Science,561
Crime,562
Science,563
Politics,564
Fashion,565
Politics,566
Politics,567
Fashion,568
Gasoline,569
Crime,570
Education,571
RealState,572
Education,573
Food,574
RealState,575
RealState,576
Technology,577
Fashion,578
Science,579
Science,580
RealState,581
Science,582
Bussiness,583
Bussiness,584
Crime,585
Fashion,586
Technology,587
Food,588
Politics,589
Education,590
Politics,591
Politics,592
Gasoline,593
Politics,594
Fashion,595
Gasoline,596
Crime,597
Science,598
Gasoline,599
RealState,600
Bussiness,601
Education,602
Science,603
Politics,604
Food,605
Politics,606
Technology,607
Politics,608
Education,609
Politics,610
Science,611
Crime,612
Politics,613
Technology,614
Education,615
Crime,616
Fashion,617
Education,618
RealState,619
Food,620
Science,621
Politics,622
Bussiness,623
Food,624
Crime,625
Politics,626
Gasoline,627
Science,628
Education,629
Education,630
Fashion,631
Crime,632
Politics,633
Bussiness,634
Crime,635
Science,636
Crime,637
Gasoline,638
Food,639
Gasoline,640
Technology,641
Fashion,642
Crime,643
Politics,644
Politics,645
Education,646
Fashion,647
Fashion,648
Science,649
Bussiness,650
Crime,651
Food,652
Food,653
Politics,654
Crime,655
Education,656
Science,657
Technology,658
Food,659
Bussiness,660
Bussiness,661
Gasoline,662
RealState,663
Fashion,664
Bussiness,665
tmp ~,666
Bussiness,667
Politics,668
RealState,669
Science,670
Fashion,671
Gasoline,672
Gasoline,673
Science,674
Education,675
Science,676
Fashion,677
Gasoline,678
Technology,679
Politics,680
Politics,681
Politics,682
Science,683
Science,684
Fashion,685
Bussiness,686
Education,687
Education,688
Crime,689
Food,690
RealState,691
Crime,692
Gasoline,693
Bussiness,694
Politics,695
Crime,696
Food,697
Bussiness,698
Bussiness,699
Politics,700
Crime,701
Fashion,702
Bussiness,703
RealState,704
Education,705
Politics,706
Technology,707
Education,708
RealState,709
Technology,710
Crime,711
Science,712
Gasoline,713
RealState,714
Gasoline,715
Gasoline,716
Food,717
Food,718
Education,719
Politics,720
Fashion,721
Food,722
Fashion,723
Science,724
Science,725
Science,726
Technology,727
Gasoline,728
Food,729
RealState,730
RealState,731
Technology,732
Gasoline,733
Food,734
Gasoline,735
Politics,736
Food,737
Gasoline,738
Politics,739
Politics,740
Politics,741
Bussiness,742
Gasoline,743
Gasoline,744
Gasoline,745
Science,746
RealState,747
Bussiness,748
Technology,749
Bussiness,750
Crime,751
Politics,752
Politics,753
Gasoline,754
Education,755
Science,756
Fashion,757
Fashion,758
Gasoline,759
Crime,760
Technology,761
Politics,762
Science,763
Fashion,764
Gasoline,765
Technology,766
Politics,767
Politics,768
Technology,769
Politics,770
Technology,771
Science,772
Technology,773
Technology,774
Politics,775
Fashion,776
Politics,777
Science,778
Food,779
Fashion,780
Education,781
Crime,782
RealState,783
Crime,784
Bussiness,785
Food,786
Food,787
Science,788
Technology,789
RealState,790
Education,791
Gasoline,792
Food,793
Politics,794
Gasoline,795
Bussiness,796
Gasoline,797
Fashion,798
Technology,799
Science,800
Gasoline,801
Technology,802
Gasoline,803
Food,804
Technology,805
Crime,806
Education,807
Bussiness,808
Food,809
Science,810
Food,811
Bussiness,812
Fashion,813
RealState,814
Food,815
Crime,816
RealState,817
RealState,818
Science,819
Technology,820
Technology,821
Fashion,822
Fashion,823
Education,824
Bussiness,825
Politics,826
Technology,827
Education,828
RealState,829
Science,830
Technology,831
Food,832
Politics,833
Gasoline,834
Bussiness,835
Gasoline,836
Politics,837
Technology,838
Technology,839
Gasoline,840
Science,841
Politics,842
Politics,843
Crime,844
Food,845
Bussiness,846
Science,847
Politics,848
Fashion,849
Science,850
Gasoline,851
Bussiness,852
Education,853
Bussiness,854
Science,855
RealState,856
Education,857
Bussiness,858
Science,859
Technology,860
Technology,861
Education,862
Politics,863
Crime,864
Bussiness,865
Science,866
Crime,867
RealState,868
Gasoline,869
Science,870
RealState,871
Gasoline,872
Fashion,873
Science,874
Crime,875
Fashion,876
Gasoline,877
Crime,878
Education,879
Education,880
Fashion,881
Science,882
Fashion,883
Technology,884
Gasoline,885
Gasoline,886
Crime,887
Technology,888
Food,889
Gasoline,890
RealState,891
Technology,892
Gasoline,893
RealState,894
Gasoline,895
RealState,896
Gasoline,897
Education,898
Science,899
RealState,900
Food,901
Politics,902
Science,903
Politics,904
Bussiness,905
Food,906
Fashion,907
Bussiness,908
RealState,909
RealState,910
Gasoline,911
Bussiness,912
Science,913
Bussiness,914
Politics,915
Bussiness,916
Fashion,917
Food,918
RealState,919
Bussiness,920
Politics,921
Technology,922
Education,923
Bussiness,924
Science,925
Bussiness,926
Gasoline,927
Fashion,928
Fashion,929
Gasoline,930
Food,931
Politics,932
Bussiness,933
Politics,934
RealState,935
Politics,936
Fashion,937
Crime,938
Politics,939
Food,940
Fashion,941
Bussiness,942
Bussiness,943
Politics,944
Politics,945
Politics,946
Politics,947
RealState,948
RealState,949
RealState,950
RealState,951
Politics,952
Gasoline,953
Technology,954
Crime,955
Education,956
Politics,957
Politics,958
Gasoline,959
RealState,960
RealState,961
Technology,962
Technology,963
Technology,964
Bussiness,965
Technology,966
Crime,967
Politics,968
Politics,969
Science,970
Bussiness,971
Gasoline,972
Fashion,973
Education,974
RealState,975
Food,976
RealState,977
Food,978
Education,979
RealState,980
Education,981
Bussiness,982
Politics,983
Technology,984
Food,985
Technology,986
Technology,987
Science,988
RealState,989
Bussiness,990
Technology,991
Bussiness,992
Bussiness,993
Bussiness,994
Food,995
Crime,996
Fashion,997
Politics,998
Fashion,999
Politics,1000
Crime,1001
Politics,1002
Education,1003
Fashion,1004
Education,1005
RealState,1006
Bussiness,1007
Fashion,1008
Fashion,1009
Politics,1010
Science,1011
Education,1012
Politics,1013
Politics,1014
Food,1015
Education,1016
Food,1017
Food,1018
Technology,1019
Technology,1020
Technology,1021
Crime,1022
Crime,1023
Gasoline,1024
